Workbook

Sheet README
A1: Open-source swarm software landscape: technology and document inventory
A2: Complete edition, 15 September 2026. Sources: the project's report (markdown and PDF versions, identical content) and slide deck.
A4: Tabs
A5: Report changes: every correction, clarification, update, and relevant addition found while collecting documents, with the report section it belongs in, the evidence, and a suggested edit.
A6: Technologies: one row per technology, with the dimensions from the report and a live count of documents found.
A7: Documents: one row per document. Filled so far for the pilot (10 technologies plus 2 found alongside), batch 1 (the report's recommended stack and core swarm frameworks), batch 2 (simulators, network co-simulation bridges, and learning environments), batch 3 (commercial products, middleware, and tools), batch 4 (Section 10 research papers and hardware), and the added technologies. All technologies are now covered; four have no reliable URL yet. Remaining technologies show Pending in the Technologies tab.
A8: Top 3: every technology with documents has its three best starting documents ranked 1–3 in the Documents 'Top 3 rank' column. Filter that column to non-blank for a first-pass scrape list. Ranking favors definitive architecture papers and official documentation over marketing and release notes.
A9: Techniques: techniques and methods, one authoritative reference each. Many are canonical papers or standards added from general knowledge; the Verified column says which.
A10: Rows shaded green in Technologies are technologies not in the report that turned up during collection (for example ROS-NetSim, FlyNetSim, SynchroSim, CARLA-Air). Each has a matching entry in Report changes.
A11: Scrape methods: what each value in the Documents 'Scrape method' column means, for building the scraper.
A13: Column definitions
A14: Layers: L0 motors and firmware; L1 single-vehicle autonomy; L2 middleware and communication; L3 multi-vehicle coordination; L4 mission, operator, and fleet management; L5 simulation and test; L6 learning and adaptation.
... A36: ResearchGate, IEEE Xplore, and ACM Digital Library block or restrict automated downloads; prefer arXiv or open-access copies.

Sheet Report changes
A1: Change ID | B1: Type | C1: Report section | D1: Technology | E1: What changed or what to add | F1: Evidence | G1: Suggested action
A2: C001 | B2: Correction | C2: §2.5, §3.1 (OFFSET row) | D2: DARPA OFFSET systems | E2: Report attributes CCAST to Northrop Grumman; the CCAST paper credits Raytheon BBN and SIFT. Northrop Grumman was the other integrator. | F2: arXiv 2307.16788 acknowledgments | G2: Change to 'Raytheon BBN (CCAST) and Northrop Grumman'.
A3: C002 | B3: Correction | C3: §2.5, §3 table | D3: OpenAMASE | E3: License is the Air Force Open Source Agreement 1.0 (with required email registration of use), not the NASA agreement. | F3: github.com/afrl-rq/OpenAMASE README | G3: Fix license; note registration requirement for closed deliverables (§7 criterion 3).
A4: C003 | B4: Correction | C4: §2.5, §3 table | D4: OpenUxAS | E4: Commits as recent as April 2026 and SPARK formal proofs in the test suite; report describes sporadic commits. | F4: github.com/afrl-rq organization listing and OpenUxAS README | G4: Update activity; cite SPARK proofs in §6 and §10.3 Blocker 8 (assurance).
A5: C004 | B5: Correction | C5: §2.6 table, §3.2 | D5: Cosys-AirSim | E5: README says the repository is provided as is and will not be actively updated; report calls it a living fork. | F5: Cosys-AirSim README | G5: Mark as low activity; point to Project AirSim and CARLA-Air.
A6: C005 | B6: Correction | C6: §2.1, §7 | D6: Crazyflie firmware | E6: README forks state LGPL-3.0; report says GPL-3. | F6: crazyflie-firmware README forks | G6: Confirm in upstream LICENSE; LGPL relaxes the closed-deliverable concern.
A7: C006 | B7: Correction | C7: §3.2 (Webots row), §2.6 | D7: Webots | E7: Apache-2.0 license; report leaves license unstated. | F7: cyberbotics/webots README (fork copy) | G7: Add license.
A8: C007 | B8: Clarification | C8: §6 (Learning) | D8: SwarmSync / SwarmModelPatch | E8: These distribute software and model updates across a heterogeneous swarm (the SwarmUpdate framework); they are not decentralized training. | F8: arXiv 2503.13784 | G8: Reword to 'propagating software and model updates'; also cite under §4 gap 6 (fleet logistics, over-the-air updates).
A9: C008 | B9: Update | C9: §2.7, §8 Option A | D9: NVIDIA Cosmos | E9: Cosmos 3 launched 1 June 2026 as a unified omnimodal model family; repositories moved to github.com/NVIDIA/Cosmos. | F9: cosmos-transfer2.5 and cosmos-predict README notices | G9: Update Cosmos description and links; Cosmos 3 also generates actions and policies.
A10: C009 | B10: Update | C10: §2.7 | D10: NVIDIA Isaac Sim | E10: Isaac Sim 6.0 is an Early Developer Release (docs banner: incomplete; binaries at general availability); 6.0.1 release notes dated June 2026. Isaac Lab 3.0 beta targets 6.0. | F10: Isaac Sim docs banner; Isaac Lab releases | G10: Qualify 6.0 as early developer release.
A11: C010 | B11: Update | C11: §2.6, §2.7 | D11: OmniDrones; Pegasus Simulator | E11: Official OmniDrones targets Isaac Sim 4.1; Pegasus v5.1.0 targets Isaac Sim 5.1. Neither confirmed on 6.0. | F11: OmniDrones README; Pegasus README | G11: Add version caveat to Isaac-based recommendations.
A12: C011 | B12: Update | C12: §2.2, §8 Option A, §9.4 | D12: PX4 Zenoh bridge | E12: PX4 ships a native Zenoh bridge (zenoh-pico client and zenohd router) as an alternative to uXRCE-DDS; PX4 still recommends DDS for most users. | F12: docs.px4.io ROS 2 User Guide | G12: Add as an option in Option A Layer 2 and the §9.4 middleware bullet.
... A39: C038 | B39: Addition | C39: §2.3 (Aerostack2) | D39: Aerostack2 + Pegasus + Isaac Sim | E39: Aerostack2 publishes a worked Pegasus/Isaac Sim integration project. | F39: github.com/aerostack2/project_pegasus_isaac_sim | G39: Note path for perception-grade aerial swarm simulation.

Sheet Technologies
A1: Technology | B1: Category | C1: Layers | D1: License | E1: Domains | F1: Open source or commercial | G1: Maintenance status | H1: Popularity | I1: In report | J1: In slide deck | K1: Batch | L1: Documents found | M1: Top 3 found | N1: Notes
A2: PX4 Autopilot | B2: Autopilots and vehicle firmware | C2: L0–L1 | D2: BSD-3-Clause | E2: Air (thinner ground/water) | F2: Open source | G2: Active | H2: ★★★★ | I2: Yes | J2: Yes | K2: Pilot | L2: =COUNTIF(Documents!$B:$B,A2) | M2: =COUNTIFS(Documents!$B:$B,A2,Documents!$J:$J,">0")
A3: ArduPilot | B3: Autopilots and vehicle firmware | C3: L0–L1 | D3: GPL-3.0 | E3: Air, ground, surface, underwater | F3: Open source | G3: Active | H3: ★★★★ | I3: Yes | J3: Yes | K3: Batch 1 | L3: =COUNTIF(Documents!$B:$B,A3) | M3: =COUNTIFS(Documents!$B:$B,A3,Documents!$J:$J,">0")
A4: Skybrush ArduPilot fork | B4: Autopilots and vehicle firmware | C4: L0 | D4: GPL-3.0 | E4: Air | F4: Open source | G4: Active | I4: Yes | J4: Yes | K4: Batch 1 | L4: =COUNTIF(Documents!$B:$B,A4) | M4: =COUNTIFS(Documents!$B:$B,A4,Documents!$J:$J,">0")
A5: Crazyflie firmware | B5: Autopilots and vehicle firmware | C5: L0–L1 | D5: LGPL-3.0 per README forks (report said GPL-3; confirm) | E5: Air (palm-sized) | F5: Open source | G5: Active | I5: Yes | J5: Yes | K5: Batch 3 | L5: =COUNTIF(Documents!$B:$B,A5) | M5: =COUNTIFS(Documents!$B:$B,A5,Documents!$J:$J,">0")
A6: Betaflight | B6: Autopilots and vehicle firmware | C6: L0 | D6: Not stated in report | E6: Air | F6: Open source | G6: Not assessed | I6: Yes | J6: No | K6: Batch 3 | L6: =COUNTIF(Documents!$B:$B,A6) | M6: =COUNTIFS(Documents!$B:$B,A6,Documents!$J:$J,">0")
A7: iNav | B7: Autopilots and vehicle firmware | C7: L0 | D7: Not stated in report | E7: Air | F7: Open source | G7: Not assessed | I7: Yes | J7: No | K7: Batch 3 | L7: =COUNTIF(Documents!$B:$B,A7) | M7: =COUNTIFS(Documents!$B:$B,A7,Documents!$J:$J,">0")
A8: PX4 DDS bridge (uXRCE-DDS) | B8: Autopilots and vehicle firmware | C8: L2 | D8: BSD-3-Clause | E8: Air, ground, water | F8: Open source | G8: Active | I8: Yes | J8: Yes | K8: Batch 3 | L8: =COUNTIF(Documents!$B:$B,A8) | M8: =COUNTIFS(Documents!$B:$B,A8,Documents!$J:$J,">0")
A9: MRS UAV System | B9: Single-vehicle autonomy and navigation | C9: L1–L3 | D9: BSD-3-Clause | E9: Air (multirotor) | F9: Open source | G9: Active (ROS 2 port in progress) | H9: ★★ | I9: Yes | J9: Yes | K9: Batch 1 | L9: =COUNTIF(Documents!$B:$B,A9) | M9: =COUNTIFS(Documents!$B:$B,A9,Documents!$J:$J,">0")
A10: Nav2 | B10: Single-vehicle autonomy and navigation | C10: L1 | D10: Apache-2.0 | E10: Ground | F10: Open source | G10: Active | I10: Yes | J10: Yes | K10: Batch 1 | L10: =COUNTIF(Documents!$B:$B,A10) | M10: =COUNTIFS(Documents!$B:$B,A10,Documents!$J:$J,">0")
A11: MOOS-IvP | B11: Single-vehicle autonomy and navigation | C11: L1–L5 | D11: GPL / LGPL | E11: Water (surface and underwater) | F11: Open source | G11: Active | H11: ★ (large real user base) | I11: Yes | J11: Yes | K11: Batch 1 | L11: =COUNTIF(Documents!$B:$B,A11) | M11: =COUNTIFS(Documents!$B:$B,A11,Documents!$J:$J,">0")
A12: Autoware | B12: Single-vehicle autonomy and navigation | C12: L1 | D12: Not stated in report | E12: Ground (road vehicles) | F12: Open source | G12: Not assessed | I12: Yes | J12: No | K12: Batch 3 | L12: =COUNTIF(Documents!$B:$B,A12) | M12: =COUNTIFS(Documents!$B:$B,A12,Documents!$J:$J,">0")
A13: NVIDIA Isaac ROS | B13: Single-vehicle autonomy and navigation | C13: L1–L2 | D13: Apache-2.0 plus NVIDIA terms on some models | E13: Air, ground | F13: Open source (mixed terms) | G13: Active | H13: ★★ | I13: Yes | J13: Yes | K13: Batch 1 | L13: =COUNTIF(Documents!$B:$B,A13) | M13: =COUNTIFS(Documents!$B:$B,A13,Documents!$J:$J,">0")
A14: cuVSLAM | B14: Single-vehicle autonomy and navigation | C14: L1 | D14: NVIDIA terms | E14: Air, ground | F14: Open source (mixed terms) | G14: Active | I14: Yes | J14: Yes | K14: Batch 1 | L14: =COUNTIF(Documents!$B:$B,A14) | M14: =COUNTIFS(Documents!$B:$B,A14,Documents!$J:$J,">0")
A15: nvblox | B15: Single-vehicle autonomy and navigation | C15: L1 | D15: Not stated in report | E15: Air, ground | F15: Open source (mixed terms) | G15: Active | I15: Yes | J15: Yes | K15: Batch 1 | L15: =COUNTIF(Documents!$B:$B,A15) | M15: =COUNTIFS(Documents!$B:$B,A15,Documents!$J:$J,">0")
A16: NITROS | B16: Middleware, messaging, and networking | C16: L2 | D16: Not stated in report | E16: Air, ground | F16: Open source (mixed terms) | G16: Active | I16: Yes | J16: Yes | K16: Batch 3 | L16: =COUNTIF(Documents!$B:$B,A16) | M16: =COUNTIFS(Documents!$B:$B,A16,Documents!$J:$J,">0")
A17: ROS 2 (Robot Operating System 2) | B17: Middleware, messaging, and networking | C17: L2 | D17: Apache-2.0 | E17: All | F17: Open source | G17: Active | I17: Yes | J17: Yes | K17: Batch 1 | L17: =COUNTIF(Documents!$B:$B,A17) | M17: =COUNTIFS(Documents!$B:$B,A17,Documents!$J:$J,">0")
A18: ROS 1 | B18: Middleware, messaging, and networking | C18: L2 | D18: Not stated in report | E18: All | F18: Open source | G18: End of life | I18: Yes | J18: No | K18: Batch 3 | L18: =COUNTIF(Documents!$B:$B,A18) | M18: =COUNTIFS(Documents!$B:$B,A18,Documents!$J:$J,">0")
A19: DDS (Data Distribution Service) | B19: Middleware, messaging, and networking | C19: L2 | D19: Standard (multiple implementations) | E19: All | F19: Open standard | G19: Active | I19: Yes | J19: Yes | K19: Batch 1 | L19: =COUNTIF(Documents!$B:$B,A19) | M19: =COUNTIFS(Documents!$B:$B,A19,Documents!$J:$J,">0")
A20: Zenoh / rmw_zenoh | B20: Middleware, messaging, and networking | C20: L2 | D20: Not stated in report | E20: All | F20: Open source | G20: Active | I20: Yes | J20: Yes | K20: Batch 1 | L20: =COUNTIF(Documents!$B:$B,A20) | M20: =COUNTIFS(Documents!$B:$B,A20,Documents!$J:$J,">0")
A21: SROS2 (Secure ROS 2) | B21: Middleware, messaging, and networking | C21: L2 | D21: Not stated in report | E21: All | F21: Open source | G21: Active | I21: Yes | J21: Yes | K21: Batch 3 | L21: =COUNTIF(Documents!$B:$B,A21) | M21: =COUNTIFS(Documents!$B:$B,A21,Documents!$J:$J,">0")
A22: micro-ROS | B22: Middleware, messaging, and networking | C22: L0–L2 | D22: Not stated in report | E22: All (microcontroller vehicles) | F22: Open source | G22: Active | I22: Yes | J22: Yes | K22: Batch 1 | L22: =COUNTIF(Documents!$B:$B,A22) | M22: =COUNTIFS(Documents!$B:$B,A22,Documents!$J:$J,">0")
A23: MOOS | B23: Middleware, messaging, and networking | C23: L2 | D23: GPL / LGPL | E23: Water | F23: Open source | G23: Active | I23: Yes | J23: Yes | K23: Batch 3 | L23: =COUNTIF(Documents!$B:$B,A23) | M23: =COUNTIFS(Documents!$B:$B,A23,Documents!$J:$J,">0")
A24: MAVLink | B24: Middleware, messaging, and networking | C24: L2 | D24: Permissive | E24: Air, ground, water | F24: Open standard | G24: Active | I24: Yes | J24: Yes | K24: Batch 1 | L24: =COUNTIF(Documents!$B:$B,A24) | M24: =COUNTIFS(Documents!$B:$B,A24,Documents!$J:$J,">0")
A25: MAVSDK | B25: Middleware, messaging, and networking | C25: L2 | D25: Permissive | E25: Air, ground, water | F25: Open source | G25: Active | I25: Yes | J25: Yes | K25: Batch 1 | L25: =COUNTIF(Documents!$B:$B,A25) | M25: =COUNTIFS(Documents!$B:$B,A25,Documents!$J:$J,">0")
... A35: Time-sensitive networking | B35: Middleware, messaging, and networking | C35: L2 | D35: Standard (IEEE 802.1) | E35: n/a | F35: Open standard | G35: Active | I35: Yes | J35: Yes | K35: Batch 3 | L35: =COUNTIF(Documents!$B:$B,A35) | M35: =COUNTIFS(Documents!$B:$B,A35,Documents!$J:$J,">0")
A36: Aerostack2 | B36: Multi-vehicle coordination frameworks | C36: L1–L4 | D36: BSD-3-Clause | E36: Air | F36: Open source | G36: Active (built on ROS 2 Humble) | H36: ★★ | I36: Yes | J36: Yes | K36: Pilot | L36: =COUNTIF(Documents!$B:$B,A36) | M36: =COUNTIFS(Documents!$B:$B,A36,Documents!$J:$J,">0")
A37: CTU-MRS swarm packages | B37: Multi-vehicle coordination frameworks | C37: L3 | D37: BSD-3-Clause | E37: Air (multirotor) | F37: Open source | G37: Active | I37: Yes | J37: Yes | K37: Batch 1 | L37: =COUNTIF(Documents!$B:$B,A37) | M37: =COUNTIFS(Documents!$B:$B,A37,Documents!$J:$J,">0")
A38: Crazyswarm2 | B38: Multi-vehicle coordination frameworks | C38: L1–L3 | D38: MIT | E38: Air (palm-sized, indoor) | F38: Open source | G38: Active | H38: ★★ | I38: Yes | J38: Yes | K38: Batch 1 | L38: =COUNTIF(Documents!$B:$B,A38) | M38: =COUNTIFS(Documents!$B:$B,A38,Documents!$J:$J,">0")
A39: CrazyChoir | B39: Multi-vehicle coordination frameworks | C39: L3 | D39: GPL-3.0 | E39: Air (palm-sized) | F39: Open source | G39: Not assessed | I39: Yes | J39: Yes | K39: Batch 1 | L39: =COUNTIF(Documents!$B:$B,A39) | M39: =COUNTIFS(Documents!$B:$B,A39,Documents!$J:$J,">0")
A40: ChoiRbot | B40: Multi-vehicle coordination frameworks | C40: L3 | D40: GPL-3.0 | E40: Ground, air | F40: Open source | G40: Not assessed | H40: ★ | I40: Yes | J40: Yes | K40: Batch 1 | L40: =COUNTIF(Documents!$B:$B,A40) | M40: =COUNTIFS(Documents!$B:$B,A40,Documents!$J:$J,">0")
A41: ROS2swarm | B41: Multi-vehicle coordination frameworks | C41: L3 | D41: Check (not confirmed) | E41: Ground | F41: Open source | G41: Pinned to old ROS 2 releases | H41: ★ | I41: Yes | J41: Yes | K41: Batch 1 | L41: =COUNTIF(Documents!$B:$B,A41) | M41: =COUNTIFS(Documents!$B:$B,A41,Documents!$J:$J,">0")
A42: Buzz | B42: Multi-vehicle coordination frameworks | C42: L3 | D42: MIT | E42: Any (mostly simulated) | F42: Open source | G42: Lightly maintained | H42: ★★ | I42: Yes | J42: Yes | K42: Batch 1 | L42: =COUNTIF(Documents!$B:$B,A42) | M42: =COUNTIFS(Documents!$B:$B,A42,Documents!$J:$J,">0")
A43: SwarmBox | B43: Multi-vehicle coordination frameworks | C43: L3–L5 | D43: MIT | E43: Air | F43: Open source | G43: New (2026), early-stage | H43: ★ | I43: Yes | J43: Yes | K43: Batch 1 | L43: =COUNTIF(Documents!$B:$B,A43) | M43: =COUNTIFS(Documents!$B:$B,A43,Documents!$J:$J,">0")
A44: Open-RMF (Open Robotics Middleware Framework) | B44: Multi-vehicle coordination frameworks | C44: L3–L4 | D44: Apache-2.0 | E44: Ground (indoor fleets) | F44: Open source | G44: Active | H44: ★★ | I44: Yes | J44: Yes | K44: Batch 1 | L44: =COUNTIF(Documents!$B:$B,A44) | M44: =COUNTIFS(Documents!$B:$B,A44,Documents!$J:$J,">0")
A45: OpenUxAS (Open Unmanned Systems Autonomy Services) | B45: Multi-vehicle coordination frameworks | C45: L3–L4 | D45: NASA Open Source Agreement (confirm in repository LICENSE) | E45: Air | F45: Open source | G45: Commits as recent as April 2026 (report said dormant) | H45: ★ | I45: Yes | J45: Yes | K45: Batch 1 | L45: =COUNTIF(Documents!$B:$B,A45) | M45: =COUNTIFS(Documents!$B:$B,A45,Documents!$J:$J,">0")
A46: CoFlyers | B46: Multi-vehicle coordination frameworks | C46: L3 (prototyping) | D46: Not stated in report | E46: Air | F46: Open source | G46: Not assessed | I46: Yes | J46: No | K46: No URL found | L46: =COUNTIF(Documents!$B:$B,A46) | M46: =COUNTIFS(Documents!$B:$B,A46,Documents!$J:$J,">0")
A47: Skybrush Server / Live / Studio | B47: Mission, operator, and fleet tools | C47: L4 | D47: GPL-3.0 (paid tiers closed) | E47: Air | F47: Open core | G47: Active | H47: ★★ | I47: Yes | J47: Yes | K47: Batch 1 | L47: =COUNTIF(Documents!$B:$B,A47) | M47: =COUNTIFS(Documents!$B:$B,A47,Documents!$J:$J,">0")
A48: QGroundControl | B48: Mission, operator, and fleet tools | C48: L4 | D48: Not stated in report | E48: Air, ground, water | F48: Open source | G48: Active | I48: Yes | J48: Yes | K48: Batch 3 | L48: =COUNTIF(Documents!$B:$B,A48) | M48: =COUNTIFS(Documents!$B:$B,A48,Documents!$J:$J,">0")
A49: Mission Planner | B49: Mission, operator, and fleet tools | C49: L4 | D49: Not stated in report | E49: Air, ground, water | F49: Open source | G49: Active | I49: Yes | J49: Yes | K49: Batch 3 | L49: =COUNTIF(Documents!$B:$B,A49) | M49: =COUNTIFS(Documents!$B:$B,A49,Documents!$J:$J,">0")
A50: OpenAMASE (Open Aerospace Multi-Agent Simulation Environment) | B50: Mission, operator, and fleet tools | C50: L4–L5 | D50: Air Force Open Source Agreement 1.0 (report said NASA agreement) | E50: Air (mission level) | F50: Open source | G50: Dormant | H50: ★ | I50: Yes | J50: Yes | K50: Batch 1 | L50: =COUNTIF(Documents!$B:$B,A50) | M50: =COUNTIFS(Documents!$B:$B,A50,Documents!$J:$J,">0")
A51: Blender | B51: Mission, operator, and fleet tools | C51: L4 (trajectory design) | D51: Not stated in report | E51: n/a | F51: Open source | G51: Active | I51: Yes | J51: Yes | K51: Batch 3 | L51: =COUNTIF(Documents!$B:$B,A51) | M51: =COUNTIFS(Documents!$B:$B,A51,Documents!$J:$J,">0")
A52: Gazebo (Harmonic / Ionic) | B52: Physics and robot simulators | C52: L5 | D52: Apache-2.0 | E52: Air, ground, water (via VRX) | F52: Open source | G52: Active | H52: ★★★ | I52: Yes | J52: Yes | K52: Batch 1 | L52: =COUNTIF(Documents!$B:$B,A52) | M52: =COUNTIFS(Documents!$B:$B,A52,Documents!$J:$J,">0")
A53: ARGoS | B53: Physics and robot simulators | C53: L5 | D53: MIT | E53: Ground swarms, some air | F53: Open source | G53: Low (beta releases) | H53: ★★ | I53: Yes | J53: Yes | K53: Batch 1 | L53: =COUNTIF(Documents!$B:$B,A53) | M53: =COUNTIFS(Documents!$B:$B,A53,Documents!$J:$J,">0")
A54: NVIDIA Isaac Sim | B54: Physics and robot simulators | C54: L5 (+L6) | D54: Apache-2.0 plus NVIDIA terms on some binaries and assets | E54: Air, ground | F54: Open source (mixed terms) | G54: Very active | H54: ★★★ | I54: Yes | J54: Yes | K54: Pilot | L54: =COUNTIF(Documents!$B:$B,A54) | M54: =COUNTIFS(Documents!$B:$B,A54,Documents!$J:$J,">0")
A55: Pegasus Simulator | B55: Physics and robot simulators | C55: L5 | D55: BSD-3-Clause | E55: Air | F55: Open source | G55: Active; latest release targets Isaac Sim 5.1 | I55: Yes | J55: Yes | K55: Batch 2 | L55: =COUNTIF(Documents!$B:$B,A55) | M55: =COUNTIFS(Documents!$B:$B,A55,Documents!$J:$J,">0")
A56: NVIDIA NuRec (neural reconstruction) | B56: Physics and robot simulators | C56: L5 | D56: Part of Isaac Sim | E56: n/a | F56: Open source (mixed terms) | G56: Active | I56: Yes | J56: Yes | K56: Batch 2 | L56: =COUNTIF(Documents!$B:$B,A56) | M56: =COUNTIFS(Documents!$B:$B,A56,Documents!$J:$J,">0")
A57: Newton physics engine | B57: Physics and robot simulators | C57: L5 | D57: Apache-2.0 (code); CC-BY-4.0 (docs) | E57: n/a | F57: Open source | G57: Active | I57: Yes | J57: Yes | K57: Batch 2 | L57: =COUNTIF(Documents!$B:$B,A57) | M57: =COUNTIFS(Documents!$B:$B,A57,Documents!$J:$J,">0")
A58: NVIDIA Warp | B58: Physics and robot simulators | C58: L5 | D58: Not stated in report | E58: n/a | F58: Open source | G58: Active | I58: Yes | J58: No | K58: Batch 2 | L58: =COUNTIF(Documents!$B:$B,A58) | M58: =COUNTIFS(Documents!$B:$B,A58,Documents!$J:$J,">0")
A59: MuJoCo | B59: Physics and robot simulators | C59: L5 | D59: Not stated in report | E59: n/a | F59: Open source | G59: Active | I59: Yes | J59: No | K59: Batch 2 | L59: =COUNTIF(Documents!$B:$B,A59) | M59: =COUNTIFS(Documents!$B:$B,A59,Documents!$J:$J,">0")
A60: OpenUSD (Universal Scene Description) | B60: Physics and robot simulators | C60: L5 | D60: Not stated in report | E60: n/a | F60: Open source | G60: Active | I60: Yes | J60: Yes | K60: Batch 2 | L60: =COUNTIF(Documents!$B:$B,A60) | M60: =COUNTIFS(Documents!$B:$B,A60,Documents!$J:$J,">0")
A61: Open 3D Engine | B61: Physics and robot simulators | C61: L5 | D61: Not stated in report | E61: n/a | F61: Open source | G61: Active | I61: Yes | J61: Yes | K61: Batch 2 | L61: =COUNTIF(Documents!$B:$B,A61) | M61: =COUNTIFS(Documents!$B:$B,A61,Documents!$J:$J,">0")
A62: ROS 2 simulation interfaces standard | B62: Physics and robot simulators | C62: L5 | D62: Not stated in report | E62: All | F62: Open standard | G62: Active | I62: Yes | J62: Yes | K62: Batch 2 | L62: =COUNTIF(Documents!$B:$B,A62) | M62: =COUNTIFS(Documents!$B:$B,A62,Documents!$J:$J,">0")
A63: Microsoft AirSim | B63: Physics and robot simulators | C63: L5 | D63: MIT | E63: Air, ground | F63: Open source | G63: Archived | I63: Yes | J63: Yes | K63: Batch 2 | L63: =COUNTIF(Documents!$B:$B,A63) | M63: =COUNTIFS(Documents!$B:$B,A63,Documents!$J:$J,">0")
A64: Project AirSim | B64: Physics and robot simulators | C64: L5 | D64: MIT | E64: Air, ground | F64: Open source | G64: Active | I64: Yes | J64: Yes | K64: Batch 2 | L64: =COUNTIF(Documents!$B:$B,A64) | M64: =COUNTIFS(Documents!$B:$B,A64,Documents!$J:$J,">0")
A65: Cosys-AirSim | B65: Physics and robot simulators | C65: L5 | D65: MIT | E65: Air, ground | F65: Open source | G65: README says provided as is, not actively updated (report said active) | I65: Yes | J65: Yes | K65: Batch 2 | L65: =COUNTIF(Documents!$B:$B,A65) | M65: =COUNTIFS(Documents!$B:$B,A65,Documents!$J:$J,">0")
A66: Colosseum (Codex Labs) | B66: Physics and robot simulators | C66: L5 | D66: MIT | E66: Air, ground | F66: Open source | G66: Archived July 2026 | I66: Yes | J66: Yes | K66: Batch 2 | L66: =COUNTIF(Documents!$B:$B,A66) | M66: =COUNTIFS(Documents!$B:$B,A66,Documents!$J:$J,">0")
A67: SwarmSim (Purdue) | B67: Physics and robot simulators | C67: L5 | D67: Closed (cloud-hosted) | E67: Air | F67: Closed research platform | G67: Unverified | I67: Yes | J67: Yes | K67: Batch 2 | L67: =COUNTIF(Documents!$B:$B,A67) | M67: =COUNTIFS(Documents!$B:$B,A67,Documents!$J:$J,">0") | N67: No public repository; site is a login page.
A68: Unreal Engine 5 | B68: Physics and robot simulators | C68: L5 | D68: Commercial license | E68: n/a | F68: Commercial | G68: Active | I68: Yes | J68: No | K68: Batch 2 | L68: =COUNTIF(Documents!$B:$B,A68) | M68: =COUNTIFS(Documents!$B:$B,A68,Documents!$J:$J,">0")
A69: Webots | B69: Physics and robot simulators | C69: L5 | D69: Apache-2.0 | E69: Ground, air | F69: Open source | G69: Active | I69: Yes | J69: Yes | K69: Batch 2 | L69: =COUNTIF(Documents!$B:$B,A69) | M69: =COUNTIFS(Documents!$B:$B,A69,Documents!$J:$J,">0")
A70: CoppeliaSim | B70: Physics and robot simulators | C70: L5 | D70: Not stated in report | E70: Ground, arms | F70: Mixed | G70: Active | I70: Yes | J70: Yes | K70: Batch 2 | L70: =COUNTIF(Documents!$B:$B,A70) | M70: =COUNTIFS(Documents!$B:$B,A70,Documents!$J:$J,">0")
A71: VRX (Virtual RobotX) | B71: Physics and robot simulators | C71: L5 | D71: Not stated in report | E71: Water (surface) | F71: Open source | G71: Active; Gazebo Harmonic and ROS 2 Jazzy | I71: Yes | J71: Yes | K71: Batch 2 | L71: =COUNTIF(Documents!$B:$B,A71) | M71: =COUNTIFS(Documents!$B:$B,A71,Documents!$J:$J,">0")
A72: Stonefish | B72: Physics and robot simulators | C72: L5 | D72: Not stated in report | E72: Water (underwater) | F72: Open source | G72: Partial | I72: Yes | J72: Yes | K72: Batch 2 | L72: =COUNTIF(Documents!$B:$B,A72) | M72: =COUNTIFS(Documents!$B:$B,A72,Documents!$J:$J,">0")
A73: HoloOcean | B73: Physics and robot simulators | C73: L5 | D73: Not stated in report | E73: Water (underwater) | F73: Open source | G73: Partial | I73: Yes | J73: Yes | K73: Batch 2 | L73: =COUNTIF(Documents!$B:$B,A73) | M73: =COUNTIFS(Documents!$B:$B,A73,Documents!$J:$J,">0")
A74: MRS multirotor simulator | B74: Physics and robot simulators | C74: L5 | D74: BSD-3-Clause | E74: Air | F74: Open source | G74: Active | I74: Yes | J74: Yes | K74: Batch 2 | L74: =COUNTIF(Documents!$B:$B,A74) | M74: =COUNTIFS(Documents!$B:$B,A74,Documents!$J:$J,">0")
A75: swarm_sync_sim | B75: Physics and robot simulators | C75: L5 | D75: Not stated in report | E75: Air | F75: Open source | G75: Dormant | I75: Yes | J75: No | K75: No URL found | L75: =COUNTIF(Documents!$B:$B,A75) | M75: =COUNTIFS(Documents!$B:$B,A75,Documents!$J:$J,">0")
A76: SwarmLab | B76: Physics and robot simulators | C76: L5 | D76: Not stated in report | E76: Air | F76: Open source (MATLAB) | G76: Dormant | I76: Yes | J76: Yes | K76: Batch 2 | L76: =COUNTIF(Documents!$B:$B,A76) | M76: =COUNTIFS(Documents!$B:$B,A76,Documents!$J:$J,">0")
A77: Robotarium | B77: Physics and robot simulators | C77: L5 (physical testbed) | D77: n/a (research access) | E77: Ground | F77: Research service | G77: Active | I77: Yes | J77: Yes | K77: Batch 2 | L77: =COUNTIF(Documents!$B:$B,A77) | M77: =COUNTIFS(Documents!$B:$B,A77,Documents!$J:$J,">0")
A78: Ardupilot_Multiagent_Simulation (University of Klagenfurt) | B78: Physics and robot simulators | C78: L5 | D78: Not stated in report | E78: Air | F78: Open source | G78: Updated March 2026 | I78: Yes | J78: No | K78: No URL found | L78: =COUNTIF(Documents!$B:$B,A78) | M78: =COUNTIFS(Documents!$B:$B,A78,Documents!$J:$J,">0")
A79: ns-3 (Network Simulator 3) | B79: Network simulation and emulation | C79: L5 (network) | D79: Not stated in report | E79: n/a | F79: Open source | G79: Active | I79: Yes | J79: Yes | K79: Pilot | L79: =COUNTIF(Documents!$B:$B,A79) | M79: =COUNTIFS(Documents!$B:$B,A79,Documents!$J:$J,">0")
A80: CyberVAN | B80: Network simulation and emulation | C80: L5 (network emulation) | D80: Proprietary (Peraton Labs) | E80: n/a | F80: Commercial / government testbed | G80: Active | I80: Yes | J80: Yes | K80: Pilot | L80: =COUNTIF(Documents!$B:$B,A80) | M80: =COUNTIFS(Documents!$B:$B,A80,Documents!$J:$J,">0") | N80: Peraton Labs product; internal documentation may be the richest source.
A81: EMANE (Extendable Mobile Ad-hoc Network Emulator) | B81: Network simulation and emulation | C81: L5 (network emulation) | D81: Not stated in report | E81: n/a | F81: Open source | G81: Active | I81: Yes | J81: Yes | K81: Batch 1 | L81: =COUNTIF(Documents!$B:$B,A81) | M81: =COUNTIFS(Documents!$B:$B,A81,Documents!$J:$J,">0")
A82: CORE (Common Open Research Emulator) | B82: Network simulation and emulation | C82: L5 (network emulation) | D82: Not stated in report | E82: n/a | F82: Open source | G82: Active | I82: Yes | J82: Yes | K82: Batch 1 | L82: =COUNTIF(Documents!$B:$B,A82) | M82: =COUNTIFS(Documents!$B:$B,A82,Documents!$J:$J,">0")
A83: NVIDIA Sionna | B83: Network simulation and emulation | C83: L5 (radio) | D83: Apache-2.0 | E83: n/a | F83: Open source | G83: Active | H83: ★★ | I83: Yes | J83: Yes | K83: Pilot | L83: =COUNTIF(Documents!$B:$B,A83) | M83: =COUNTIFS(Documents!$B:$B,A83,Documents!$J:$J,">0")
A84: NVIDIA Sionna RT | B84: Network simulation and emulation | C84: L5 (radio) | D84: Apache-2.0 | E84: n/a | F84: Open source | G84: Active | H84: ★★ | I84: Yes | J84: Yes | K84: Pilot | L84: =COUNTIF(Documents!$B:$B,A84) | M84: =COUNTIFS(Documents!$B:$B,A84,Documents!$J:$J,">0")
A85: NVIDIA Aerial Omniverse Digital Twin | B85: Network simulation and emulation | C85: L5 (radio) | D85: Gated (6G Developer Program) | E85: n/a | F85: Commercial (gated) | G85: Active | I85: Yes | J85: No | K85: Batch 2 | L85: =COUNTIF(Documents!$B:$B,A85) | M85: =COUNTIFS(Documents!$B:$B,A85,Documents!$J:$J,">0")
A86: ns3_gazebo (Naval Postgraduate School) | B86: Network simulation and emulation | C86: L5 (bridge) | D86: Not stated in report | E86: Air | F86: Open source | G86: Unmaintained | I86: Yes | J86: Yes | K86: No URL found | L86: =COUNTIF(Documents!$B:$B,A86) | M86: =COUNTIFS(Documents!$B:$B,A86,Documents!$J:$J,">0")
A87: CORNET | B87: Network simulation and emulation | C87: L5 (bridge) | D87: Not stated in report | E87: Air | F87: Open source | G87: Unmaintained | I87: Yes | J87: Yes | K87: Batch 2 | L87: =COUNTIF(Documents!$B:$B,A87) | M87: =COUNTIFS(Documents!$B:$B,A87,Documents!$J:$J,">0")
A88: RoboNetSim | B88: Network simulation and emulation | C88: L5 (bridge) | D88: Not stated in report | E88: Ground | F88: Open source | G88: Unmaintained | I88: Yes | J88: Yes | K88: Batch 2 | L88: =COUNTIF(Documents!$B:$B,A88) | M88: =COUNTIFS(Documents!$B:$B,A88,Documents!$J:$J,">0")
A89: NVIDIA Isaac Lab | B89: Machine learning and AI | C89: L6 | D89: BSD-3-Clause | E89: Any (single vehicle) | F89: Open source | G89: Active | H89: ★★★ | I89: Yes | J89: Yes | K89: Pilot | L89: =COUNTIF(Documents!$B:$B,A89) | M89: =COUNTIFS(Documents!$B:$B,A89,Documents!$J:$J,">0")
A90: NVIDIA Cosmos / Cosmos Transfer | B90: Machine learning and AI | C90: L6 | D90: Open weights (NVIDIA open model license) | E90: n/a | F90: Open weights | G90: Cosmos 3 launched June 2026; repositories moved to github.com/NVIDIA/Cosmos | I90: Yes | J90: Yes | K90: Batch 2 | L90: =COUNTIF(Documents!$B:$B,A90) | M90: =COUNTIFS(Documents!$B:$B,A90,Documents!$J:$J,">0")
A91: NVIDIA COMPASS | B91: Machine learning and AI | C91: L6 | D91: Open workflow | E91: Any (single vehicle) | F91: Open workflow | G91: Active | I91: Yes | J91: Yes | K91: Batch 2 | L91: =COUNTIF(Documents!$B:$B,A91) | M91: =COUNTIFS(Documents!$B:$B,A91,Documents!$J:$J,">0")
A92: OmniDrones | B92: Machine learning and AI | C92: L6 | D92: MIT/BSD (group) | E92: Air | F92: Open source | G92: Official branch on Isaac Sim 4.1; community ports to 5.1 | H92: ★★–★★★ | I92: Yes | J92: Yes | K92: Batch 2 | L92: =COUNTIF(Documents!$B:$B,A92) | M92: =COUNTIFS(Documents!$B:$B,A92,Documents!$J:$J,">0")
A93: gym-pybullet-drones | B93: Machine learning and AI | C93: L6 | D93: MIT/BSD (group) | E93: Air | F93: Open source | G93: Active | I93: Yes | J93: Yes | K93: Batch 2 | L93: =COUNTIF(Documents!$B:$B,A93) | M93: =COUNTIFS(Documents!$B:$B,A93,Documents!$J:$J,">0")
A94: VMAS (Vectorized Multi-Agent Simulator) | B94: Machine learning and AI | C94: L6 | D94: MIT/BSD (group) | E94: Abstract | F94: Open source | G94: Active | I94: Yes | J94: Yes | K94: Batch 2 | L94: =COUNTIF(Documents!$B:$B,A94) | M94: =COUNTIFS(Documents!$B:$B,A94,Documents!$J:$J,">0")
A95: BenchMARL | B95: Machine learning and AI | C95: L6 | D95: Not stated in report | E95: Abstract | F95: Open source | G95: Active | I95: Yes | J95: No | K95: Batch 2 | L95: =COUNTIF(Documents!$B:$B,A95) | M95: =COUNTIFS(Documents!$B:$B,A95,Documents!$J:$J,">0")
A96: JaxMARL | B96: Machine learning and AI | C96: L6 | D96: Not stated in report | E96: Abstract | F96: Open source | G96: Active | I96: Yes | J96: Yes | K96: Batch 2 | L96: =COUNTIF(Documents!$B:$B,A96) | M96: =COUNTIFS(Documents!$B:$B,A96,Documents!$J:$J,">0")
A97: quad-swarm-rl | B97: Machine learning and AI | C97: L6 | D97: Not stated in report | E97: Air | F97: Open source | G97: Active | I97: Yes | J97: No | K97: Batch 2 | L97: =COUNTIF(Documents!$B:$B,A97) | M97: =COUNTIFS(Documents!$B:$B,A97,Documents!$J:$J,">0")
A98: MARBLER | B98: Machine learning and AI | C98: L6 | D98: Not stated in report | E98: Ground | F98: Open source | G98: Not assessed | I98: Yes | J98: Yes | K98: Batch 2 | L98: =COUNTIF(Documents!$B:$B,A98) | M98: =COUNTIFS(Documents!$B:$B,A98,Documents!$J:$J,">0")
A99: LeRobot dataset format | B99: Machine learning and AI | C99: L6 | D99: Not stated in report | E99: n/a | F99: Open source | G99: Active | I99: Yes | J99: No | K99: Batch 2 | L99: =COUNTIF(Documents!$B:$B,A99) | M99: =COUNTIFS(Documents!$B:$B,A99,Documents!$J:$J,">0")
A100: InforMARL | B100: Machine learning and AI | C100: L6 (research) | D100: Not stated in report | E100: Abstract | F100: Research code | G100: 2023 | I100: Yes | J100: Yes | K100: Batch 4 | L100: =COUNTIF(Documents!$B:$B,A100) | M100: =COUNTIFS(Documents!$B:$B,A100,Documents!$J:$J,">0")
A101: GAT-MF (graph attention mean-field) | B101: Machine learning and AI | C101: L6 (research) | D101: Not stated in report | E101: Abstract | F101: Research code | G101: 2023 | I101: Yes | J101: Yes | K101: Batch 4 | L101: =COUNTIF(Documents!$B:$B,A101) | M101: =COUNTIFS(Documents!$B:$B,A101,Documents!$J:$J,">0")
A102: SCoUT | B102: Machine learning and AI | C102: L6 (research) | D102: Not stated in report | E102: Abstract | F102: Research | G102: 2026 | I102: Yes | J102: Yes | K102: Batch 4 | L102: =COUNTIF(Documents!$B:$B,A102) | M102: =COUNTIFS(Documents!$B:$B,A102,Documents!$J:$J,">0")
A103: CoMuRoS | B103: Machine learning and AI | C103: L3–L4 (research) | D103: Not stated in report | E103: Heterogeneous | F103: Research | G103: 2026 | I103: Yes | J103: Yes | K103: Batch 4 | L103: =COUNTIF(Documents!$B:$B,A103) | M103: =COUNTIFS(Documents!$B:$B,A103,Documents!$J:$J,">0")
A104: SMART-LLM | B104: Machine learning and AI | C104: L3–L4 (research) | D104: Not stated in report | E104: Heterogeneous | F104: Research | G104: 2023 | I104: Yes | J104: Yes | K104: Batch 4 | L104: =COUNTIF(Documents!$B:$B,A104) | M104: =COUNTIFS(Documents!$B:$B,A104,Documents!$J:$J,">0")
... A137: Codex Labs SWARM platform | B137: Commercial and unreleased systems | C137: Not assessed | D137: Closed | E137: Air | F137: Commercial | G137: Not assessed | I137: Yes | J137: No | K137: Batch 2 | L137: =COUNTIF(Documents!$B:$B,A137) | M137: =COUNTIFS(Documents!$B:$B,A137,Documents!$J:$J,">0")
A138: DARPA OFFSET systems (Raytheon BBN CCAST; Northrop Grumman) | B138: Commercial and unreleased systems | C138: L2–L5 | D138: Not released | E138: Air, ground | F138: Government (unreleased) | G138: Program ended 2021 | I138: Yes | J138: Yes | K138: Pilot | L138: =COUNTIF(Documents!$B:$B,A138) | M138: =COUNTIFS(Documents!$B:$B,A138,Documents!$J:$J,">0") | N138: Report says Northrop Grumman's CCAST team; the CCAST paper credits Raytheon BBN. See README.
A139: ROS-NetSim | B139: Network simulation and emulation | C139: L5 (bridge) | D139: Not assessed | E139: All | F139: Open source (research) | G139: Not assessed | I139: No | J139: No | K139: Added (not in report) | L139: =COUNTIF(Documents!$B:$B,A139) | M139: =COUNTIFS(Documents!$B:$B,A139,Documents!$J:$J,">0") | N139: Not in the report; see the Report changes tab for where it belongs.
A140: FlyNetSim | B140: Network simulation and emulation | C140: L5 (bridge) | D140: Not assessed | E140: Air | F140: Open source (research) | G140: Not assessed | I140: No | J140: No | K140: Added (not in report) | L140: =COUNTIF(Documents!$B:$B,A140) | M140: =COUNTIFS(Documents!$B:$B,A140,Documents!$J:$J,">0") | N140: Not in the report; see the Report changes tab for where it belongs.
A141: SynchroSim | B141: Network simulation and emulation | C141: L5 (bridge) | D141: Not assessed | E141: Heterogeneous | F141: Research | G141: 2022 | I141: No | J141: No | K141: Added (not in report) | L141: =COUNTIF(Documents!$B:$B,A141) | M141: =COUNTIFS(Documents!$B:$B,A141,Documents!$J:$J,">0") | N141: Not in the report; see the Report changes tab for where it belongs.
...

Sheet Documents
A1: Doc ID | B1: Technology | C1: Document title | D1: Document type | E1: URL | F1: Format | G1: Access | H1: Scrape method | I1: Priority | J1: Top 3 rank | K1: Verified | L1: What it covers / notes
A2: D0001 | B2: PX4 Autopilot | C2: PX4-Autopilot README | D2: README | E2: https://github.com/PX4/PX4-Autopilot/blob/main/README.md | F2: Markdown | G2: Public | H2: GitHub README | I2: 1 | J2: 1 | K2: Seen in search results | L2: Overview, architecture (uORB publish/subscribe), build and simulation quick start, links to all guides.
A3: D0002 | B3: PX4 Autopilot | C3: PX4 User and Developer Guide (main branch) | D3: Documentation site | E3: https://docs.px4.io/main/en/ | F3: Web pages | G3: Public | H3: Documentation-site crawl | I3: 1 | J3: 2 | K3: Derived from a verified link (confirm before scraping) | L3: Full user and developer guide; crawl the main branch only to avoid duplicate versioned copies (v1.12–v1.16 also exist).
A4: D0003 | B4: PX4 Autopilot | C4: Multi-vehicle simulation with Gazebo | D4: Technical documentation | E4: https://docs.px4.io/main/en/sim_gazebo_gz/multi_vehicle_simulation | F4: Web page | G4: Public | H4: Web page to markdown | I4: 2 | J4: 3 | K4: Seen in search results | L4: How to spawn several PX4 instances in one Gazebo world, with ROS 2 name spaces.
A5: D0004 | B5: PX4 Autopilot | C5: Multi-vehicle simulation with ROS 2 (v1.14) | D5: Technical documentation | E5: https://docs.px4.io/v1.14/en/ros/ros2_multi_vehicle | F5: Web page | G5: Public | H5: Web page to markdown | I5: 2 | K5: Seen in search results | L5: Instance numbering, DDS keys, and name-space rules for multi-vehicle ROS 2; older version, check for a main-branch equivalent.
A6: D0005 | B6: PX4 Autopilot | C6: PX4 guide source files (Markdown) | D6: Documentation source repository | E6: https://github.com/PX4/PX4-user_guide | F6: Markdown repository | G6: Public | H6: Git clone (docs folder) | I6: 2 | K6: Seen in search results | L6: Markdown source of the guide; cloning the en/ folder is cleaner than crawling HTML. Confirm the repository is still the live source.
A7: D0006 | B7: ArduPilot | C7: ArduPilot README | D7: README | E7: https://github.com/ArduPilot/ardupilot/blob/master/README.md | F7: Markdown | G7: Public | H7: GitHub README | I7: 1 | J7: 1 | K7: Seen in search results | L7: Project overview, vehicle types, contribution links.
A8: D0007 | B8: ArduPilot | C8: ArduPilot Development Site | D8: Documentation site | E8: https://ardupilot.org/dev/ | F8: Web pages | G8: Public | H8: Documentation-site crawl | I8: 1 | J8: 2 | K8: Seen in search results | L8: Developer wiki: building, SITL simulation, companion computers, MAVLink interfacing, ROS 2. Restrict crawl to /dev/.
A9: D0008 | B9: ArduPilot | C9: Learning the ArduPilot Codebase | D9: Technical documentation | E9: https://ardupilot.org/dev/docs/learning-the-ardupilot-codebase.html | F9: Web page | G9: Public | H9: Web page to markdown | I9: 2 | J9: 3 | K9: Seen in search results | L9: Architecture tutorial for the roughly 700,000-line codebase.
A10: D0009 | B10: ArduPilot | C10: ArduPilot documentation source (wiki repository) | D10: Documentation source repository | E10: https://github.com/ArduPilot/ardupilot_wiki | F10: reStructuredText repository | G10: Public | H10: Git clone (docs folder) | I10: 2 | K10: Derived from a verified link (confirm before scraping) | L10: Source of ardupilot.org wikis; the URL was seen only as a fork, so confirm the upstream path.
A11: D0010 | B11: Skybrush ArduPilot fork | C11: Skybrush Firmware developer documentation | D11: Documentation site | E11: https://docs.skybrush.io/public/skybrush-firmware-doc/latest/index.html | F11: Web pages | G11: Public | H11: Documentation-site crawl | I11: 1 | J11: 1 | K11: Seen in search results | L11: Documentation of the swarm-hardened ArduPilot fork.
A12: D0011 | B12: Skybrush ArduPilot fork | C12: Firmware update: ArduCopter 4.6.2 (compact telemetry, addressing over 250 drones) | D12: Release notes | E12: https://skybrush.io/blog/2025-10-20-firmware-update/ | F12: Web page | G12: Public | H12: Web page to markdown | I12: 1 | J12: 2 | K12: Seen in search results | L12: Explains the SHOW_GROUP parameter that extends MAVLink addressing and the compact telemetry profile.
A13: D0012 | B13: Crazyflie firmware | C13: crazyflie-firmware README | D13: README | E13: https://github.com/bitcraze/crazyflie-firmware | F13: Markdown | G13: Public | H13: GitHub README | I13: 1 | J13: 1 | K13: Seen in search results | L13: Build and docs pointers; forks state LGPL-3.0 (report says GPL-3).
A14: D0013 | B14: Crazyflie firmware | C14: crazyflie-firmware releases | D14: Release notes | E14: https://github.com/bitcraze/crazyflie-firmware/releases | F14: Web page | G14: Public | H14: GitHub releases API | I14: 3 | J14: 2 | K14: Seen in search results | L14: API and parameter removals by release.
A15: D0014 | B15: Crazyflie firmware | C15: Running Tapestry OS on the Crazyflie (Bitcraze blog, Sept 2026) | D15: Blog post | E15: https://www.bitcraze.io/2026/09/running-tapestry-os-on-the-crazyflie-collective-behavior-without-writing-firmware/ | F15: Web page | G15: Public | H15: Web page to markdown | I15: 2 | J15: 3 | K15: Seen in search results | L15: New Zephyr-based decentralized coordination stack; not in the report.
A16: D0015 | B16: Betaflight | C16: Betaflight README | D16: README | E16: https://github.com/betaflight/betaflight | F16: Markdown | G16: Public | H16: GitHub README | I16: 2 | J16: 1 | K16: From general knowledge, not seen this session (confirm before scraping) | L16: Low priority for swarm work.
A17: D0016 | B17: iNav | C17: iNav README | D17: README | E17: https://github.com/iNavFlight/inav | F17: Markdown | G17: Public | H17: GitHub README | I17: 2 | J17: 1 | K17: From general knowledge, not seen this session (confirm before scraping) | L17: Low priority for swarm work.
A18: D0017 | B18: PX4 DDS bridge (uXRCE-DDS) | C18: uXRCE-DDS (PX4-ROS 2/DDS Bridge) | D18: Technical documentation | E18: https://docs.px4.io/main/en/middleware/uxrce_dds | F18: Web page | G18: Public | H18: Web page to markdown | I18: 1 | J18: 1 | K18: Seen in search results | L18: Architecture, multi-vehicle keys and domain IDs, message routing.
A19: D0018 | B19: PX4 DDS bridge (uXRCE-DDS) | C19: PX4 ROS 2 User Guide | D19: Technical documentation | E19: https://docs.px4.io/main/en/ros2/user_guide | F19: Web page | G19: Public | H19: Web page to markdown | I19: 1 | J19: 2 | K19: Seen in search results | L19: PX4 now also offers a native Zenoh bridge (zenoh-pico client plus zenohd router), which the report does not mention.
A20: D0019 | B20: MRS UAV System | C20: MRS UAV System README | D20: README | E20: https://github.com/ctu-mrs/mrs_uav_system | F20: Markdown | G20: Public | H20: GitHub README | I20: 1 | J20: 1 | K20: Seen in search results | L20: Entry point; supported platforms, Docker images, documentation caveats.
A21: D0020 | B21: MRS UAV System | C21: The MRS UAV System: Pushing the Frontiers of Reproducible Research (arXiv 2008.08050) | D21: Paper | E21: https://arxiv.org/abs/2008.08050 | F21: PDF | G21: Public | H21: arXiv paper | I21: 1 | J21: 2 | K21: Derived from a verified link (confirm before scraping) | L21: Control and estimation architecture; identifier taken from a README citation.
A22: D0021 | B22: MRS UAV System | C22: MRS documentation site | D22: Documentation site | E22: https://ctu-mrs.github.io/ | F22: Web pages | G22: Public | H22: Documentation-site crawl | I22: 1 | J22: 3 | K22: Seen in search results | L22: Official documentation; maintainers say it is incomplete, so also pull package READMEs.
A23: D0022 | B23: MRS UAV System | C23: MRS documentation source | D23: Documentation source repository | E23: https://github.com/ctu-mrs/ctu-mrs.github.io | F23: Markdown repository | G23: Public | H23: Git clone (docs folder) | I23: 2 | K23: Derived from a verified link (confirm before scraping) | L23: Docs source including plugin-interface pages; confirm the path.
A24: D0023 | B24: Nav2 | C24: Nav2 README | D24: README | E24: https://github.com/ros-navigation/navigation2 | F24: Markdown | G24: Public | H24: GitHub README | I24: 1 | J24: 1 | K24: Derived from a verified link (confirm before scraping) | L24: Repository entry point; seen under its former organization name ros-planning.
A25: D0024 | B25: Nav2 | C25: Nav2 documentation | D25: Documentation site | E25: https://docs.nav2.org/ | F25: Web pages | G25: Public | H25: Documentation-site crawl | I25: 1 | J25: 2 | K25: Seen in search results | L25: Concepts, configuration, tutorials.
A26: D0025 | B26: Nav2 | C26: Nav2 documentation source | D26: Documentation source repository | E26: https://github.com/ros-navigation/docs.nav2.org | F26: Markdown repository | G26: Public | H26: Git clone (docs folder) | I26: 1 | J26: 3 | K26: Seen in search results | L26: Source of docs.nav2.org.
A27: D0026 | B27: Nav2 | C27: nav2_bringup README (multi-robot simulation) | D27: README | E27: https://github.com/ros-planning/navigation2/blob/main/nav2_bringup/README.md | F27: Markdown | G27: Public | H27: GitHub README | I27: 2 | K27: Seen in search results | L27: How to launch multiple robots, the report's point about name spaces.
A28: D0027 | B28: MOOS-IvP | C28: An Overview of MOOS-IvP and a Users Guide to the IvP Helm (Release 24.8) | D28: Technical documentation | E28: https://oceanai.mit.edu/moos-ivp-pdf/moosivp-helm.pdf | F28: PDF | G28: Public | H28: Direct PDF | I28: 1 | J28: 1 | K28: Seen in search results | L28: Definitive user guide, current release.
A29: D0028 | B29: MOOS-IvP | C29: Nested Autonomy for Unmanned Marine Vehicles with MOOS-IvP (Journal of Field Robotics, 2010) | D29: Paper | E29: https://apps.dtic.mil/sti/tr/pdf/ADA559856.pdf | F29: PDF | G29: Public | H29: Direct PDF | I29: 1 | J29: 2 | K29: Seen in search results | L29: Open copy on DTIC of the nested-autonomy paper.
A30: D0029 | B30: MOOS-IvP | C30: MOOS-IvP project site | D30: Documentation site | E30: https://oceanai.mit.edu/moos-ivp/pmwiki/pmwiki.php | F30: Web pages | G30: Public | H30: Documentation-site crawl | I30: 1 | J30: 3 | K30: Checked live on 22 September 2026 (URL corrected) | L30: Project home; the report's source list gives moos-ivp.org. URL corrected after live test: moos-ivp.org fails TLS verification (incomplete certificate chain) and redirects here over HTTP (was https://moos-ivp.org).
A31: D0030 | B31: MOOS-IvP | C31: MOOS-IvP GitHub repository | D31: README | E31: https://github.com/moos-ivp/moos-ivp | F31: Markdown | G31: Public | H31: GitHub README | I31: 2 | K31: Listed in the project report's sources (confirm before scraping) | L31: From the report's source list.
A32: D0031 | B32: MOOS-IvP | C32: Nested autonomy paper (Wiley) | D32: Paper | E32: https://onlinelibrary.wiley.com/doi/abs/10.1002/rob.20370 | F32: PDF | G32: Subscription (Wiley) | H32: Manual collection | I32: 3 | K32: Seen in search results | L32: Publisher version; the DTIC copy is sufficient.
A33: D0032 | B33: Autoware | C33: Autoware documentation | D33: Documentation site | E33: https://autowarefoundation.github.io/autoware-documentation/ | F33: Web pages | G33: Public | H33: Documentation-site crawl | I33: 1 | J33: 1 | K33: From general knowledge, not seen this session (confirm before scraping) | L33: Road-vehicle autonomy stack.
A34: D0033 | B34: Autoware | C34: Autoware README | D34: README | E34: https://github.com/autowarefoundation/autoware | F34: Markdown | G34: Public | H34: GitHub README | I34: 2 | J34: 2 | K34: From general knowledge, not seen this session (confirm before scraping) | L34: Repository entry point.
A35: D0034 | B35: NVIDIA Isaac ROS | C35: Isaac ROS documentation | D35: Documentation site | E35: https://nvidia-isaac-ros.github.io/ | F35: Web pages | G35: Public | H35: Documentation-site crawl | I35: 1 | J35: 1 | K35: Listed in the project report's sources (confirm before scraping) | L35: Report lists nvidia-isaac-ros.github.io/releases; crawl the current release only (versioned copies exist).
A36: D0035 | B36: NVIDIA Isaac ROS | C36: Isaac ROS Visual SLAM README | D36: README | E36: https://github.com/NVIDIA-ISAAC-ROS/isaac_ros_visual_slam | F36: Markdown | G36: Public | H36: GitHub README | I36: 1 | J36: 2 | K36: Seen in search results | L36: GPU visual-inertial odometry for navigation without satellite positioning.
A37: D0036 | B37: NVIDIA Isaac ROS | C37: Isaac ROS Nvblox README | D37: README | E37: https://github.com/NVIDIA-ISAAC-ROS/isaac_ros_nvblox | F37: Markdown | G37: Public | H37: GitHub README | I37: 1 | J37: 3 | K37: Seen in search results | L37: 3D reconstruction and Nav2 costmaps.
A38: D0037 | B38: cuVSLAM | C38: cuVSLAM README | D38: README | E38: https://github.com/nvidia-isaac/cuVSLAM | F38: Markdown | G38: Public | H38: GitHub README | I38: 1 | J38: 1 | K38: Seen in search results | L38: Standalone library, Python wheel, ROS 2 support.
A39: D0038 | B39: cuVSLAM | C39: cuVSLAM concepts (Isaac ROS 2.1 docs) | D39: Technical documentation | E39: https://nvidia-isaac-ros.github.io/v/release-2.1/concepts/visual_slam/cuvslam/index.html | F39: Web page | G39: Public | H39: Web page to markdown | I39: 2 | J39: 2 | K39: Seen in search results | L39: How tracking, landmarks, and loop closure work; older release.
A40: D0039 | B40: nvblox | C40: Isaac ROS Nvblox documentation | D40: Technical documentation | E40: https://nvidia-isaac-ros.github.io/v/release-3.1/repositories_and_packages/isaac_ros_nvblox/index.html | F40: Web page | G40: Public | H40: Web page to markdown | I40: 1 | J40: 1 | K40: Seen in search results | L40: Modes, timings, compatibility.
A41: D0040 | B41: NITROS | C41: Isaac ROS NITROS documentation | D41: Technical documentation | E41: https://nvidia-isaac-ros.github.io/concepts/rosidl_buffer/nitros_migration.html | F41: Web page | G41: Public | H41: Web page to markdown | I41: 1 | J41: 1 | K41: Checked live on 22 September 2026 (URL corrected) | L41: Type adaptation and negotiation; Jazzy on Jetson or x86 with NVIDIA GPU. URL corrected after live test: the NITROS package page is gone; Isaac ROS is deprecating NITROS and this page describes the replacement (was https://nvidia-isaac-ros.github.io/repositories_and_packages/isaac_ros_nitros/index.html).
A42: D0041 | B42: NITROS | C42: isaac_ros_nitros README | D42: README | E42: https://github.com/NVIDIA-ISAAC-ROS/isaac_ros_nitros | F42: Markdown | G42: Public | H42: GitHub README | I42: 1 | J42: 2 | K42: Seen in search results | L42: Package breakdown including the NITROS Bridge for inter-process communication.
A43: D0042 | B43: ROS 2 (Robot Operating System 2) | C43: ROS 2 Documentation (Jazzy) | D43: Documentation site | E43: https://docs.ros.org/en/jazzy/ | F43: Web pages | G43: Public | H43: Documentation-site crawl | I43: 1 | J43: 1 | K43: Derived from a verified link (confirm before scraping) | L43: Root of the Jazzy documentation; restrict crawl to one distribution.
A44: D0043 | B44: ROS 2 (Robot Operating System 2) | C44: Discovery (ROS 2 concepts) | D44: Technical documentation | E44: https://docs.ros.org/en/jazzy/Concepts/Basic/About-Discovery.html | F44: Web page | G44: Public | H44: Web page to markdown | I44: 1 | J44: 2 | K44: Seen in search results | L44: How nodes find each other; the mechanism the report flags as the swarm bottleneck.
A45: D0044 | B45: ROS 2 (Robot Operating System 2) | C45: Improved Dynamic Discovery | D45: Technical documentation | E45: https://docs.ros.org/en/jazzy/Tutorials/Advanced/Improved-Dynamic-Discovery.html | F45: Web page | G45: Public | H45: Web page to markdown | I45: 2 | J45: 3 | K45: Seen in search results | L45: Discovery range and static peers; notes these settings do not apply to rmw_zenoh.
A46: D0045 | B46: ROS 2 (Robot Operating System 2) | C46: Using Fast DDS Discovery Server | D46: Technical documentation | E46: https://docs.ros.org/en/jazzy/Tutorials/Advanced/Discovery-Server/Discovery-Server.html | F46: Web page | G46: Public | H46: Web page to markdown | I46: 2 | K46: Seen in search results | L46: Centralized discovery as an alternative to multicast.
A47: D0046 | B47: ROS 2 (Robot Operating System 2) | C47: ROS 2 middleware implementations | D47: Technical documentation | E47: https://docs.ros.org/en/jazzy/Concepts/Advanced/About-Middleware-Implementations.html | F47: Web page | G47: Public | H47: Web page to markdown | I47: 2 | K47: Seen in search results | L47: How the middleware interface layer works.
A48: D0047 | B48: ROS 1 | C48: ROS wiki | D48: Documentation site | E48: https://wiki.ros.org/ | F48: Web pages | G48: Public | H48: Documentation-site crawl | I48: 3 | J48: 1 | K48: From general knowledge, not seen this session (confirm before scraping) | L48: End of life; needed only for MRS ROS 1 components.
A49: D0048 | B49: DDS (Data Distribution Service) | C49: Different ROS 2 middleware vendors | D49: Technical documentation | E49: https://docs.ros.org/en/jazzy/Concepts/Intermediate/About-Different-Middleware-Vendors.html | F49: Web page | G49: Public | H49: Web page to markdown | I49: 1 | J49: 1 | K49: Seen in search results | L49: Why ROS 2 uses DDS and its wire protocol; lists vendor implementations.
A50: D0049 | B50: Zenoh / rmw_zenoh | C50: rmw_zenoh README | D50: README | E50: https://github.com/ros2/rmw_zenoh | F50: Markdown | G50: Public | H50: GitHub README | I50: 1 | J50: 1 | K50: Seen in search results | L50: Installation, router requirement, shared-memory settings, scope limits.
A51: D0050 | B51: Zenoh / rmw_zenoh | C51: rmw_zenoh design document | D51: Technical documentation | E51: https://github.com/ros2/rmw_zenoh/blob/rolling/docs/design.md | F51: Markdown | G51: Public | H51: Web page to markdown | I51: 1 | J51: 2 | K51: Derived from a verified link (confirm before scraping) | L51: Key expressions, serialization, liveliness tokens; path taken from the README's reference to docs/design.md.
A52: D0051 | B52: Zenoh / rmw_zenoh | C52: rmw_zenoh Jazzy branch | D52: Code repository | E52: https://github.com/ros2/rmw_zenoh/tree/jazzy | F52: Markdown | G52: Public | H52: GitHub README | I52: 3 | J52: 3 | K52: Seen in search results | L52: Branch matching the report's recommended ROS 2 release.
A53: D0052 | B53: Zenoh / rmw_zenoh | C53: PX4 ROS 2 User Guide (Zenoh middleware option) | D53: Technical documentation | E53: https://docs.px4.io/main/en/ros2/user_guide | F53: Web page | G53: Public | H53: Web page to markdown | I53: 1 | K53: Seen in search results | L53: PX4's native Zenoh bridge to rmw_zenoh; relevant to the report's 'Zenoh from day one' recommendation.
A54: D0053 | B54: SROS2 (Secure ROS 2) | C54: SROS2: Usable Cyber Security Tools for ROS 2 (paper) | D54: Paper | E54: https://aliasrobotics.com/files/SROS2.pdf | F54: PDF | G54: Public | H54: Direct PDF | I54: 1 | J54: 1 | K54: Seen in search results | L54: Six-step security methodology and current shortcomings.
A55: D0054 | B55: SROS2 (Secure ROS 2) | C55: sros2 package overview (ROS index) | D55: README | E55: https://index.ros.org/p/sros2/ | F55: Web page | G55: Public | H55: Web page to markdown | I55: 1 | J55: 2 | K55: Seen in search results | L55: Tools on top of DDS-Security; tested middleware.
A56: D0055 | B56: SROS2 (Secure ROS 2) | C56: Security chapter, ROS 2 multi-robot book | D56: Technical documentation | E56: https://osrf.github.io/ros2multirobotbook/security.html | F56: Web page | G56: Public | H56: Web page to markdown | I56: 2 | J56: 3 | K56: Seen in search results | L56: ros2 security command usage.
A57: D0056 | B57: micro-ROS | C57: micro-ROS features and architecture | D57: Technical documentation | E57: https://micro.vulcanexus.org/docs/overview/features/ | F57: Web page | G57: Public | H57: Web page to markdown | I57: 1 | J57: 1 | K57: Seen in search results | L57: Client API, XRCE-DDS middleware, supported real-time operating systems.
A58: D0057 | B58: micro-ROS | C58: micro-ROS documentation source | D58: Documentation source repository | E58: https://github.com/micro-ROS/micro-ros.github.io | F58: Markdown repository | G58: Public | H58: Git clone (docs folder) | I58: 1 | J58: 2 | K58: Seen in search results | L58: Markdown source under _docs/.
A59: D0058 | B59: micro-ROS | C59: micro-ROS Agent README | D59: README | E59: https://github.com/micro-ROS/micro-ROS-Agent | F59: Markdown | G59: Public | H59: GitHub README | I59: 2 | J59: 3 | K59: Seen in search results | L59: The bridge between microcontroller nodes and the ROS 2 network.
A60: D0059 | B60: micro-ROS | C60: micro-ROS documentation (Vulcanexus) | D60: Technical documentation | E60: https://docs.vulcanexus.org/en/latest/rst/microros_documentation/index.html | F60: Web pages | G60: Public | H60: Documentation-site crawl | I60: 3 | K60: Seen in search results | L60: eProsima's documentation set, including memory and timing controls.
A61: D0060 | B61: MOOS | C61: MOOS core repository | D61: README | E61: https://github.com/themoos/core-moos | F61: Markdown | G61: Public | H61: GitHub README | I61: 1 | J61: 1 | K61: From general knowledge, not seen this session (confirm before scraping) | L61: Oxford MOOS middleware underneath MOOS-IvP.
A62: D0061 | B62: MAVLink | C62: MAVLink Developer Guide | D62: Documentation site | E62: https://mavlink.io/en/ | F62: Web pages | G62: Public | H62: Documentation-site crawl | I62: 1 | J62: 1 | K62: Seen in search results | L62: Protocol, message and command reference, microservices such as mission and parameter protocols.
A63: D0062 | B63: MAVLink | C63: MAVLink Developer Guide introduction | D63: Technical documentation | E63: https://mavlink.io/README.html | F63: Web page | G63: Public | H63: Web page to markdown | I63: 2 | J63: 2 | K63: Seen in search results | L63: Design overview: hybrid publish-subscribe and point-to-point.
A64: D0063 | B64: MAVSDK | C64: MAVSDK README | D64: README | E64: https://github.com/mavlink/MAVSDK | F64: Markdown | G64: Public | H64: GitHub README | I64: 1 | J64: 1 | K64: Seen in search results | L64: Architecture (C++ core with gRPC server for other languages), plugins, license.
A65: D0064 | B65: MAVSDK | C65: MAVSDK documentation source | D65: Documentation source repository | E65: https://github.com/mavlink/MAVSDK-docs | F65: Markdown repository | G65: Public | H65: Git clone (docs folder) | I65: 1 | J65: 2 | K65: Seen in search results | L65: Source of the MAVSDK guide; check whether this or mavsdk.mavlink.io is current.
A66: D0065 | B66: MAVSDK | C66: MAVSDK product page (Dronecode) | D66: Product page | E66: https://dronecode.org/sdk/ | F66: Web page | G66: Public | H66: Web page to markdown | I66: 3 | J66: 3 | K66: Seen in search results | L66: Short overview.
A67: D0066 | B67: MAVROS | C67: MAVROS README (ROS 2 branch) | D67: README | E67: https://github.com/mavlink/mavros/blob/ros2/README.md | F67: Markdown | G67: Public | H67: GitHub README | I67: 1 | J67: 1 | K67: Seen in search results | L67: What MAVROS bridges, telemetry and commanding, plugin architecture.
A68: D0067 | B68: MAVROS | C68: MAVROS package README (ROS 2 branch) | D68: README | E68: https://github.com/mavlink/mavros/blob/ros2/mavros/README.md | F68: Markdown | G68: Public | H68: GitHub README | I68: 1 | J68: 2 | K68: Seen in search results | L68: Installation and launch; transport library notes.
A69: D0068 | B69: MAVROS | C69: MAVROS documentation (ROS docs index) | D69: Documentation site | E69: https://docs.ros.org/en/iron/p/mavros/standard_docs/README.html | F69: Web pages | G69: Public | H69: Documentation-site crawl | I69: 3 | J69: 3 | K69: Seen in search results | L69: Generated package documentation.
A70: D0069 | B70: LMCP (Lightweight Message Construction Protocol) | C70: LMCP message set documentation (CMASI) | D70: Data model specification | E70: https://github.com/afrl-rq/OpenAMASE/tree/master/OpenAMASE/docs/lmcp | F70: XML and HTML | G70: Public | H70: Git clone (docs folder) | I70: 1 | J70: 1 | K70: Seen in search results | L70: CMASI.xml message definitions: the task vocabulary the report recommends copying.
A71: D0070 | B71: BATMAN-adv | C71: batman-adv Linux kernel documentation | D71: Technical documentation | E71: https://docs.kernel.org/networking/batman-adv.html | F71: Web page | G71: Public | H71: Web page to markdown | I71: 1 | J71: 1 | K71: From general knowledge, not seen this session (confirm before scraping) | L71: Layer-2 mesh routing in the kernel.
A72: D0071 | B72: BATMAN-adv | C72: Open Mesh batman-adv wiki | D72: Documentation site | E72: https://www.open-mesh.org/projects/batman-adv/wiki | F72: Web pages | G72: Public | H72: Documentation-site crawl | I72: 1 | J72: 2 | K72: From general knowledge, not seen this session (confirm before scraping) | L72: Protocol and configuration.
... A84: D0083 | B84: Aerostack2 | C84: Aerostack2 README | D84: README | E84: https://github.com/aerostack2/aerostack2 | F84: Markdown | G84: Public | H84: GitHub README | I84: 1 | J84: 3 | K84: Seen in search results | L84: Features, ROS 2 Humble support, citation.
A85: D0084 | B85: Aerostack2 | C85: Aerostack2 documentation source (reStructuredText) | D85: Documentation source repository | E85: https://github.com/aerostack2/aerostack2.github.io | F85: reStructuredText repository | G85: Public | H85: Git clone (docs folder) | I85: 2 | K85: Seen in search results | L85: Source of the documentation site; clone docs/ instead of crawling.
A86: D0085 | B86: Aerostack2 | C86: Behaviors concept page | D86: Technical documentation | E86: https://github.com/aerostack2/aerostack2.github.io/blob/main/docs/_01_aerostack2_concepts/behaviors/index.rst | F86: reStructuredText | G86: Public | H86: Web page to markdown | I86: 2 | K86: Seen in search results | L86: Explains behaviors and behavior trees, the main hook for a hive controller.
A87: D0086 | B87: Aerostack2 | C87: Aerostack2 C++ API reference (ROS docs index) | D87: API reference | E87: https://docs.ros.org/en/humble/p/aerostack2/generated/index.html | F87: Web pages | G87: Public | H87: Documentation-site crawl | I87: 3 | K87: Seen in search results | L87: Generated API reference; low narrative value for retrieval, index selectively.
A88: D0087 | B88: Aerostack2 | C88: Aerostack2 GitHub organization (platform plugins) | D88: Repository index | E88: https://github.com/aerostack2 | F88: Web page | G88: Public | H88: GitHub organization listing, then READMEs | I88: 3 | K88: Seen in search results | L88: Lists platform packages such as the PX4, MAVLink, and DJI plugins; pull each plugin README.
A89: D0088 | B89: CTU-MRS swarm packages | C89: UAVs Beneath the Surface: Cooperative Autonomy for Subterranean Search and Rescue in DARPA SubT (arXiv 2206.08185) | D89: Paper | E89: https://arxiv.org/abs/2206.08185 | F89: PDF | G89: Public | H89: arXiv paper | I89: 2 | J89: 1 | K89: Derived from a verified link (confirm before scraping) | L89: Multi-UAV cooperative autonomy from the same group; identifier taken from a README citation.
A90: D0089 | B90: Crazyswarm2 | C90: Crazyswarm2 README | D90: README | E90: https://github.com/IMRCLab/crazyswarm2/blob/main/README.md | F90: Markdown | G90: Public | H90: GitHub README | I90: 1 | J90: 1 | K90: Seen in search results | L90: Entry point and support policy.
A91: D0090 | B91: Crazyswarm2 | C91: Crazyswarm2 documentation | D91: Documentation site | E91: https://imrclab.github.io/crazyswarm2/ | F91: Web pages | G91: Public | H91: Documentation-site crawl | I91: 1 | J91: 2 | K91: Seen in search results | L91: Installation, simulation, how-to guides; citation for the original Crazyswarm paper.
A92: D0091 | B92: Crazyswarm2 | C92: Crazyswarm2 overview (package architecture) | D92: Technical documentation | E92: https://imrclab.github.io/crazyswarm2/overview.html | F92: Web page | G92: Public | H92: Web page to markdown | I92: 2 | J92: 3 | K92: Seen in search results | L92: Server node, backends, simulator.
A93: D0092 | B93: CrazyChoir | C93: CrazyChoir README | D93: README | E93: https://github.com/OPT4SMART/crazychoir | F93: Markdown | G93: Public | H93: GitHub README | I93: 1 | J93: 1 | K93: Seen in search results | L93: Crazyflie swarms on ROS 2 Foxy.
A94: D0093 | B94: CrazyChoir | C94: CrazyChoir: Flying Swarms of Crazyflie Quadrotors in ROS 2 (arXiv 2302.00716) | D94: Paper | E94: https://arxiv.org/abs/2302.00716 | F94: PDF | G94: Public | H94: arXiv paper | I94: 1 | J94: 2 | K94: Listed in the project report's sources (confirm before scraping) | L94: Identifier from the report's source list; an open copy was also seen on the University of Bologna repository.
A95: D0094 | B95: ChoiRbot | C95: ChoiRbot: A ROS 2 Toolbox for Cooperative Robotics (arXiv 2010.13431) | D95: Paper | E95: https://arxiv.org/abs/2010.13431 | F95: PDF | G95: Public | H95: arXiv paper | I95: 1 | J95: 1 | K95: Seen in search results | L95: Definitive paper: distributed optimization, model predictive control, task assignment without a central coordinator.
A96: D0095 | B96: ChoiRbot | C96: ChoiRbot README | D96: README | E96: https://github.com/OPT4SMART/ChoiRbot | F96: Markdown | G96: Public | H96: GitHub README | I96: 1 | J96: 2 | K96: Seen in search results | L96: Capabilities; requires ROS 2 Dashing.
A97: D0096 | B97: ChoiRbot | C97: ChoiRbot documentation site | D97: Documentation site | E97: https://opt4smart.github.io/ChoiRbot/ | F97: Web pages | G97: Public | H97: Documentation-site crawl | I97: 2 | J97: 3 | K97: Seen in search results | L97: Layer architecture and quick start.
A98: D0097 | B98: ChoiRbot | C98: A Tutorial on Distributed Optimization for Cooperative Robotics (arXiv 2309.04257) | D98: Paper | E98: https://arxiv.org/abs/2309.04257 | F98: PDF | G98: Public | H98: arXiv paper | I98: 2 | K98: Seen in search results | L98: Survey by the same group covering ChoiRbot and CrazyChoir.
A99: D0098 | B99: ROS2swarm | C99: ROS2swarm README | D99: README | E99: https://github.com/ROS2swarm/ROS2swarm | F99: Markdown | G99: Public | H99: GitHub README | I99: 1 | J99: 1 | K99: Seen in search results | L99: Behavior patterns, supported ROS 2 releases, how to add a pattern.
A100: D0099 | B100: ROS2swarm | C100: ROS2swarm: A ROS 2 Package for Swarm Robot Behaviors (arXiv 2405.02438) | D100: Paper | E100: https://arxiv.org/abs/2405.02438 | F100: PDF | G100: Public | H100: arXiv paper | I100: 1 | J100: 2 | K100: Seen in search results | L100: ICRA 2022 paper.
A101: D0100 | B101: ROS2swarm | C101: ROS2swarm GitHub organization | D101: Repository index | E101: https://github.com/ROS2swarm | F101: Web page | G101: Public | H101: GitHub organization listing, then READMEs | I101: 3 | J101: 3 | K101: Seen in search results | L101: Companion repositories such as the Jackal simulation.
A102: D0101 | B102: Buzz | C102: Buzz README and documentation index | D102: README | E102: https://github.com/MISTLab/Buzz | F102: Markdown | G102: Public | H102: GitHub README | I102: 1 | J102: 1 | K102: Seen in search results | L102: Links to concepts, virtual machine API, examples, and the design whitepaper.
A103: D0102 | B103: Buzz | C103: Buzz: An Extensible Programming Language for Self-Organizing Heterogeneous Robot Swarms (arXiv 1507.05946) | D103: Paper | E103: https://arxiv.org/abs/1507.05946 | F103: PDF | G103: Public | H103: arXiv paper | I103: 1 | J103: 2 | K103: Listed in the project report's sources (confirm before scraping) | L103: Identifier from the report's source list.
A104: D0103 | B104: Buzz | C104: ROSBuzz README | D104: README | E104: https://github.com/MISTLab/ROSBuzz | F104: Markdown | G104: Public | H104: GitHub README | I104: 2 | J104: 3 | K104: Seen in search results | L104: Buzz as a ROS node; cites the consensus paper (arXiv 1710.08843).
A105: D0104 | B105: Buzz | C105: Buzz tutorial | D105: Tutorial | E105: https://mistlab.ca/buzztutorial/ | F105: Web page | G105: Public | H105: Web page to markdown | I105: 3 | K105: Seen in search results | L105: Tutorial overview of language primitives.
A106: D0105 | B106: SwarmBox | C106: SwarmBox paper (FSE 2026, author copy) | D106: Paper | E106: https://seulbae-security.github.io/pubs/swarmbox-fse26.pdf | F106: PDF | G106: Public | H106: Direct PDF | I106: 1 | J106: 1 | K106: Seen in search results | L106: Architecture, swarm-level analyzer, synchronized log unification.
A107: D0106 | B107: SwarmBox | C107: SwarmBox project page | D107: Documentation site | E107: https://compsec.postech.ac.kr/swarmbox/ | F107: Web page | G107: Public | H107: Web page to markdown | I107: 1 | J107: 2 | K107: Seen in search results | L107: Overview, links to code, documentation, slides.
A108: D0107 | B108: SwarmBox | C108: SwarmBox README | D108: README | E108: https://github.com/postech-compsec/swarmbox | F108: Markdown | G108: Public | H108: GitHub README | I108: 1 | J108: 3 | K108: Seen in search results | L108: Detailed documentation announced as coming soon.
A109: D0108 | B109: SwarmBox | C109: SwarmBox paper (ACM Digital Library) | D109: Paper | E109: https://dl.acm.org/doi/10.1145/3808100 | F109: PDF | G109: Public or subscription (ACM) | H109: Manual collection | I109: 3 | K109: Seen in search results | L109: Publisher version.
A110: D0109 | B110: SwarmBox | C110: SwarmBox artifact (Zenodo) | D110: Dataset and code archive | E110: https://zenodo.org/records/19344308 | F110: Archive | G110: Public | H110: Manual collection | I110: 3 | K110: Seen in search results | L110: Frozen artifact for reproducing paper results.
A111: D0110 | B111: Open-RMF (Open Robotics Middleware Framework) | C111: Programming Multiple Robots with ROS 2 (the ROS 2 multi-robot book) | D111: Documentation site | E111: https://osrf.github.io/ros2multirobotbook/ | F111: Web pages | G111: Public | H111: Documentation-site crawl | I111: 1 | J111: 1 | K111: Listed in the project report's sources (confirm before scraping) | L111: Primary Open-RMF documentation; root from the report's source list, a sub-page was seen in search.
...

Sheet Techniques
A1: Technique | B1: Group | C1: Authoritative reference | D1: URL | E1: Reference type | F1: Verified
A2: Software-in-the-loop testing | B2: Simulation and testing | C2: PX4 simulation documentation | D2: https://docs.px4.io/main/en/simulation/ | E2: Documentation | F2: From general knowledge, not seen this session (confirm before scraping)
A3: Hardware-in-the-loop testing | B3: Simulation and testing | C3: PX4 hardware-in-the-loop simulation | D3: https://docs.px4.io/main/en/simulation/hitl.html | E3: Documentation | F3: From general knowledge, not seen this session (confirm before scraping)
A4: Sim-to-real transfer | B4: Simulation and testing | C4: Sim-to-Real Transfer in Deep RL for Robotics: a Survey (arXiv 2009.13303) | D4: https://arxiv.org/abs/2009.13303 | E4: Survey | F4: From general knowledge, not seen this session (confirm before scraping)
A5: Domain randomization | B5: Simulation and testing | C5: Domain Randomization for Transferring Deep Neural Networks from Simulation to the Real World (arXiv 1703.06907) | D5: https://arxiv.org/abs/1703.06907 | E5: Foundational paper | F5: From general knowledge, not seen this session (confirm before scraping)
A6: System identification | B6: Simulation and testing | C6: System identification (overview) | D6: https://en.wikipedia.org/wiki/System_identification | E6: Overview | F6: From general knowledge, not seen this session (confirm before scraping)
A7: Digital twins | B7: Simulation and testing | C7: Toward Digital Network Twins: Integrating Sionna RT in ns-3 (arXiv 2501.00372) | D7: https://arxiv.org/abs/2501.00372 | E7: Applied paper | F7: Seen in search results
A8: Gaussian-splatting rendering | B8: Simulation and testing | C8: 3D Gaussian Splatting for Real-Time Radiance Field Rendering (arXiv 2308.04079) | D8: https://arxiv.org/abs/2308.04079 | E8: Foundational paper | F8: From general knowledge, not seen this session (confirm before scraping)
A9: Ray tracing (radio and optical) | B9: Simulation and testing | C9: Sionna RT documentation (links technical report) | D9: https://nvlabs.github.io/sionna/rt | E9: Documentation | F9: Seen in search results
A10: Navigation without satellite positioning | B10: Navigation and perception | C10: Isaac ROS Visual SLAM README | D10: https://github.com/NVIDIA-ISAAC-ROS/isaac_ros_visual_slam | E10: Documentation | F10: Seen in search results
A11: Visual simultaneous localization and mapping | B11: Navigation and perception | C11: ORB-SLAM3 (arXiv 2007.11898) | D11: https://arxiv.org/abs/2007.11898 | E11: Foundational paper | F11: From general knowledge, not seen this session (confirm before scraping)
A12: Distributed simultaneous localization and mapping | B12: Navigation and perception | C12: Kimera-Multi (arXiv 2106.14386) | D12: https://arxiv.org/abs/2106.14386 | E12: Foundational paper | F12: From general knowledge, not seen this session (confirm before scraping)
... A59: Mobile recharging | B59: Operations | C59: Congestion Analysis for the DARPA OFFSET CCAST Swarm (battery and recovery logistics) | D59: https://arxiv.org/abs/2307.16788 | E59: Applied paper | F59: Seen in search results

Sheet Scrape methods
A1: Scrape method | B1: How to collect | C1: Output
A2: GitHub README | B2: Fetch the raw file (raw.githubusercontent.com/<owner>/<repo>/<branch>/README.md) or use the GitHub API README endpoint. Record the commit hash. | C2: Markdown as-is
A3: Git clone (docs folder) | B3: Shallow clone and keep only the documentation folder (Markdown or reStructuredText). Usually cleaner than crawling the rendered site. | C3: Markdown; convert reStructuredText with Pandoc
A4: GitHub releases API | B4: Call the GitHub releases API and store each release body with its tag and date. | C4: Markdown, one file per release or one combined file
A5: GitHub organization listing, then READMEs | B5: List repositories in the organization via the API, filter by relevance, then fetch each README. | C5: Markdown
A6: Documentation-site crawl | B6: First check /llms.txt or /llms-full.txt; then sitemap.xml; otherwise a same-domain crawl limited to the URL prefix given. Pin one version for versioned docs. Strip navigation chrome. | C6: HTML converted to Markdown, one file per page
A7: arXiv paper | B7: Use the arXiv identifier: fetch the PDF (arxiv.org/pdf/<id>) and metadata from the arXiv API. The HTML version, when available, extracts more cleanly than the PDF. | C7: Extracted text plus metadata
A8: Direct PDF | B8: Download and extract text (for example with PyMuPDF); keep the original PDF alongside. | C8: Extracted text plus original PDF
A9: Web page to markdown | B9: Fetch a single page and convert the main content to Markdown (for example with trafilatura or Readability). | C9: Markdown
A10: Manual collection | B10: Paywalled, gated, internal, or bot-blocked. Obtain through a subscription, vendor relationship, internal channel, or an open-access copy, then drop into the ingest folder. | C10: Whatever is obtained
